{
  "project_info": {
    "project_number": "869403015921",
    "project_id": "centsible-92ee8",
    "storage_bucket": "centsible-92ee8.appspot.com"
  },
  "client": [
    {
      "client_info": {
        "mobilesdk_app_id": "1:869403015921:android:f6b1377c0b8f4bed0fc750",
        "android_client_info": {
          "package_name": "com.example.budget"
        }
      },
      "oauth_client": [],
      "api_key": [
        {
          "current_key": "AIzaSyBDGMtcT6ck5i3wLq15M_HhDjXg6_64N_A"
        }
      ],
      "services": {
        "appinvite_service": {
          "other_platform_oauth_client": []
        }
      }
    },
    {
      "client_info": {
        "mobilesdk_app_id": "1:869403015921:android:fb8f11b5ca8864db0fc750",
        "android_client_info": {
          "package_name": "com.example.login"
        }
      },
      "oauth_client": [],
      "api_key": [
        {
          "current_key": "AIzaSyBDGMtcT6ck5i3wLq15M_HhDjXg6_64N_A"
        }
      ],
      "services": {
        "appinvite_service": {
          "other_platform_oauth_client": []
        }
      }
    }
  ],
  "configuration_version": "1"
}